Employee ID,First Name,Last Name,Date of birth
1,Rebbecca,Didio,2/16/1965
2,Stevie,Hallo,8/19/1965
3,Mariko,Stayer,12/27/1965
4,Gerardo,Woodka,11/15/1966
5,Mayra,Bena,1/16/1968
6,Idella,Scotland,3/15/1971
7,Sherill,Klar,5/19/1972
8,Ena,Desjardiws,8/29/1973
9,Vince,Siena,3/15/1976
10,Theron,Jarding,11/18/1977
11,Amira,Chudej,9/13/1968
12,Marica,Tarbor,6/10/1970
13,Shawna,Albrough,2/26/1976
14,Paulina,Maker,5/25/1976
15,Rose,Jebb,12/1/1976
16,Reita,Tabar,1/18/1977
17,Maybelle,Bewley,6/2/1981
18,Camellia,Pylant,8/17/1981
19,Roy,Nybo,9/2/1982
20,Albert,Sonier,3/4/1983
21,Hayley,Taghon,6/6/1983
22,Norah,Daleo,9/2/1983
23,Rosina,Sidhu,10/25/1983
24,Royal,Costeira,7/13/1984
25,Barrie,Nicley,8/17/1984
26,Linsey,Gedman,10/28/1988
